id,first_name,last_name,email,age
1,Quentin,Damerell,qdamerell0@imdb.com,62
2,Raynell,Maddick,rmaddick1@dedecms.com,49
3,Freemon,Pluvier,fpluvier2@e-recht24.de,36
4,Arlie,Hopkynson,ahopkynson3@1und1.de,42
5,Glenna,Casaccio,gcasaccio4@cnn.com,20
6,Sylas,Learmount,slearmount5@psu.edu,53
7,Ogdon,Bragge,obragge6@ox.ac.uk,19
8,Diane-marie,Stille,dstille7@ed.gov,19
9,Dyna,Grishanin,dgrishanin8@thetimes.co.uk,17
10,Jefferey,Burchett,jburchett9@psu.edu,53
11,Weylin,Duguid,wduguida@cyberchimps.com,42
12,Elfreda,Pedrielli,epedriellib@shutterfly.com,26
13,Karena,Cristofanini,kcristofaninic@taobao.com,39
14,Taite,Dunston,tdunstond@networkadvertising.org,23
15,Selestina,Clemenzi,sclemenzie@slashdot.org,43
16,Dickie,Atte-Stone,dattestonef@sciencedaily.com,56
17,Clayson,Flockhart,cflockhartg@a8.net,59
18,Mireielle,Fanner,mfannerh@uol.com.br,20
19,Killie,Trusse,ktrussei@oracle.com,71
20,Leyla,McIlvenna,lmcilvennaj@indiegogo.com,57
21,Pieter,Perse,ppersek@indiegogo.com,79
22,Carolan,Halladay,challadayl@t.co,26
23,Arte,Forson,aforsonm@ucla.edu,37
24,Meridel,Seleway,mselewayn@bigcartel.com,36
25,Malynda,Slade,msladeo@cloudflare.com,13
26,Cris,Iacovolo,ciacovolop@reddit.com,32
27,Kimberlyn,Roos,kroosq@elegantthemes.com,61
28,Sly,Gasquoine,sgasquoiner@zimbio.com,24
29,Roger,Brasseur,rbrasseurs@github.io,64
30,Fabio,Laidel,flaidelt@baidu.com,73
31,Morissa,Dimmick,mdimmicku@usda.gov,64
32,Cassy,Baggallay,cbaggallayv@twitpic.com,78
33,Tessa,Band,tbandw@uol.com.br,14
34,Remy,Frail,rfrailx@washingtonpost.com,25
35,Stephanus,Shelmerdine,sshelmerdiney@dion.ne.jp,15
36,Margy,Darque,mdarquez@usgs.gov,46
37,Marco,Feirn,mfeirn10@purevolume.com,13
38,Kerwinn,Dunniom,kdunniom11@lycos.com,17
39,Jessika,Guillem,jguillem12@wordpress.org,17
40,Verla,Hendrickson,vhendrickson13@phoca.cz,43
41,Silvan,Mongain,smongain14@jalbum.net,19
42,Xena,Khoter,xkhoter15@360.cn,75
43,Bendick,Glasner,bglasner16@state.tx.us,55
44,Edy,Peppett,epeppett17@moonfruit.com,80
45,Roxanna,Venditto,rvenditto18@qq.com,75
46,Ronny,Hairsnape,rhairsnape19@nhs.uk,69
47,North,Fryd,nfryd1a@apache.org,45
48,Nanon,Twycross,ntwycross1b@discuz.net,31
49,Tommy,Hawyes,thawyes1c@ask.com,19
50,Callida,Eccott,ceccott1d@who.int,22
51,Ezechiel,Fannin,efannin1e@economist.com,13
52,Kris,Verlinde,kverlinde1f@economist.com,40
53,Mavra,Dorr,mdorr1g@icio.us,37
54,Lillian,Osgood,losgood1h@google.com.au,31
55,Walsh,Durrett,wdurrett1i@bigcartel.com,20
56,Anders,Riccio,ariccio1j@cnbc.com,51
57,Juline,Rowbottom,jrowbottom1k@cbslocal.com,33
58,Bryn,Charleston,bcharleston1l@google.pl,32
59,Jobina,Stenet,jstenet1m@npr.org,23
60,Eugenia,Heatlie,eheatlie1n@globo.com,15
61,Claretta,Diaper,cdiaper1o@paginegialle.it,53
62,Kata,Rampage,krampage1p@mediafire.com,52
63,Sonia,Snoad,ssnoad1q@digg.com,29
64,Ira,Navan,inavan1r@twitter.com,73
65,Neala,Ditt,nditt1s@fda.gov,56
66,Efrem,Bett,ebett1t@mail.ru,68
67,Essa,Darbishire,edarbishire1u@purevolume.com,40
68,Jennine,Dominighi,jdominighi1v@si.edu,70
69,Ferdy,Gayton,fgayton1w@bluehost.com,80
70,Bibbie,Goodrick,bgoodrick1x@jiathis.com,74
71,Keelia,Flaunier,kflaunier1y@techcrunch.com,14
72,Loralyn,Wager,lwager1z@tinypic.com,31
73,Nate,Tassell,ntassell20@i2i.jp,64
74,Joan,Schruyer,jschruyer21@phpbb.com,19
75,Carlotta,Cowlas,ccowlas22@mozilla.org,34
76,Bobbe,Dorney,bdorney23@domainmarket.com,66
77,Stephana,Couth,scouth24@ted.com,76
78,Benedick,McCoid,bmccoid25@domainmarket.com,57
79,Howard,Crilly,hcrilly26@opensource.org,61
80,Zahara,Whatham,zwhatham27@icq.com,69
81,Glenine,Danniell,gdanniell28@google.pl,73
82,Aland,Robillard,arobillard29@ft.com,47
83,Hakeem,Caldayrou,hcaldayrou2a@storify.com,67
84,Rustin,Vigars,rvigars2b@tamu.edu,44
85,Leroi,Maudsley,lmaudsley2c@skyrock.com,78
86,Ediva,Hanby,ehanby2d@msu.edu,79
87,Jacinda,Milton,jmilton2e@nhs.uk,57
88,Mireille,Gaukroger,mgaukroger2f@reuters.com,38
89,Ashli,McCloid,amccloid2g@reference.com,27
90,Conni,Shemmin,cshemmin2h@t-online.de,25
91,Raeann,Hawtry,rhawtry2i@independent.co.uk,19
92,Consolata,Ccomini,cccomini2j@google.com.hk,78
93,Orv,Vallentin,ovallentin2k@devhub.com,63
94,Bancroft,Leijs,bleijs2l@mtv.com,42
95,Constancy,Adie,cadie2m@ca.gov,42
96,Viviene,Reddihough,vreddihough2n@tumblr.com,40
97,Winnie,De Bruijn,wdebruijn2o@sohu.com,75
98,Rachele,Gerritzen,rgerritzen2p@twitter.com,26
99,Elladine,Edleston,eedleston2q@hc360.com,46
100,Othilia,Dougherty,odougherty2r@qq.com,62
101,Lonnie,Dun,ldun2s@imdb.com,71
102,Kara-lynn,Bosnell,kbosnell2t@theglobeandmail.com,75
103,Rorke,Ripon,rripon2u@dagondesign.com,13
104,Lock,Carlin,lcarlin2v@aol.com,35
105,Helen,Willgoss,hwillgoss2w@webnode.com,20
106,Ramona,MacKaile,rmackaile2x@indiatimes.com,25
107,Zarla,Kibbye,zkibbye2y@flickr.com,79
108,Wendi,Widdicombe,wwiddicombe2z@noaa.gov,40
109,Jena,Anstead,janstead30@paypal.com,15
110,Gipsy,Avis,gavis31@ning.com,54
111,Harper,Adkin,hadkin32@google.cn,69
112,Johnette,Wilshere,jwilshere33@twitpic.com,57
113,Harlan,Haugen,hhaugen34@slideshare.net,25
114,Stavro,Shelmerdine,sshelmerdine35@yahoo.co.jp,71
115,Berkeley,Kinzett,bkinzett36@wired.com,21
116,Erasmus,Childe,echilde37@bbc.co.uk,58
117,Lolita,Chetham,lchetham38@spiegel.de,21
118,Dara,Cloute,dcloute39@naver.com,50
119,Caria,Mitkov,cmitkov3a@goodreads.com,13
120,Gibby,Rissom,grissom3b@surveymonkey.com,38
121,Bobbee,Airton,bairton3c@yelp.com,72
122,Banky,de Quesne,bdequesne3d@goo.ne.jp,65
123,Jorgan,Whylie,jwhylie3e@multiply.com,60
124,Sabra,McLemon,smclemon3f@quantcast.com,28
125,Hashim,Dixie,hdixie3g@dot.gov,23
126,Lora,Devigne,ldevigne3h@goo.ne.jp,20
127,Aluino,Skipping,askipping3i@zimbio.com,38
128,Hayward,Carville,hcarville3j@moonfruit.com,45
129,Cahra,Clapton,cclapton3k@bing.com,63
130,Merill,Gabb,mgabb3l@google.nl,66
131,Ettore,Marriott,emarriott3m@xrea.com,72
132,Kristyn,Gronauer,kgronauer3n@sphinn.com,34
133,Rosana,Kett,rkett3o@feedburner.com,46
134,Osbourn,Bygrove,obygrove3p@tumblr.com,25
135,Jarrad,McDowall,jmcdowall3q@bizjournals.com,50
136,Jana,Sylett,jsylett3r@sohu.com,37
137,Diana,Craig,dcraig3s@slideshare.net,55
138,Mavra,Elphinstone,melphinstone3t@networkadvertising.org,26
139,Lari,Heathwood,lheathwood3u@linkedin.com,48
140,Doralia,Menci,dmenci3v@goo.ne.jp,67
141,Billi,McPhelimy,bmcphelimy3w@oakley.com,51
142,Tamqrah,Dornan,tdornan3x@seattletimes.com,60
143,Nertie,Cockram,ncockram3y@netlog.com,39
144,Doroteya,Parlatt,dparlatt3z@harvard.edu,59
145,Benton,Ledwitch,bledwitch40@ning.com,63
146,Neal,Daynter,ndaynter41@ycombinator.com,45
147,Pammie,MacCaull,pmaccaull42@icq.com,27
148,Aldous,Bennett,abennett43@shop-pro.jp,15
149,Launce,Oliveira,loliveira44@apache.org,52
150,Ravi,Macy,rmacy45@eventbrite.com,12
151,Hunter,Gatchell,hgatchell46@paypal.com,74
152,Wang,Cobby,wcobby47@4shared.com,76
153,Jobyna,Garber,jgarber48@usda.gov,67
154,Marni,Grigor,mgrigor49@newsvine.com,20
155,Florella,Jannasch,fjannasch4a@amazon.com,50
156,Merrily,Wycherley,mwycherley4b@list-manage.com,40
157,Sephira,Tincknell,stincknell4c@imgur.com,80
158,Jobie,Botterill,jbotterill4d@shareasale.com,75
159,Randie,MacQueen,rmacqueen4e@sfgate.com,68
160,Frasco,Kremer,fkremer4f@unc.edu,61
161,Alessandro,Reardon,areardon4g@miibeian.gov.cn,54
162,Eula,Heinzel,eheinzel4h@goodreads.com,68
163,Kacy,Keeton,kkeeton4i@shareasale.com,17
164,Stanfield,Naseby,snaseby4j@unicef.org,44
165,Elva,Mertsching,emertsching4k@bloomberg.com,38
166,Kerby,Iacobucci,kiacobucci4l@google.com,61
167,Shaine,Lowdes,slowdes4m@pagesperso-orange.fr,72
168,Etienne,Tadgell,etadgell4n@wikia.com,74
169,Kris,Koppens,kkoppens4o@amazon.de,77
170,Olva,Vicarey,ovicarey4p@dyndns.org,73
171,Walker,Skase,wskase4q@networkadvertising.org,66
172,Hynda,Ebertz,hebertz4r@epa.gov,54
173,Giacomo,Whieldon,gwhieldon4s@desdev.cn,80
174,Felicity,Colliar,fcolliar4t@flickr.com,16
175,Nils,Gladdish,ngladdish4u@gnu.org,33
176,Brook,Gimblett,bgimblett4v@reference.com,78
177,Fawne,Oels,foels4w@google.com.br,67
178,Joceline,Mattessen,jmattessen4x@reference.com,80
179,Sula,Clemenzo,sclemenzo4y@unblog.fr,62
180,Tory,Frankish,tfrankish4z@github.io,54
181,Megen,Gibberd,mgibberd50@1688.com,12
182,Freddy,Bussen,fbussen51@upenn.edu,19
183,Padraic,Akrigg,pakrigg52@google.nl,79
184,Ryann,Adamczewski,radamczewski53@google.com,56
185,Hashim,Gatman,hgatman54@psu.edu,22
186,Sheffield,Musk,smusk55@unicef.org,57
187,Tonye,Infante,tinfante56@homestead.com,61
188,Marigold,Hugett,mhugett57@samsung.com,29
189,Bessie,Flockhart,bflockhart58@techcrunch.com,75
190,Adham,Crowter,acrowter59@naver.com,16
191,Adolpho,Clues,aclues5a@domainmarket.com,69
192,Nady,Fyall,nfyall5b@live.com,27
193,Pattin,Belvin,pbelvin5c@feedburner.com,49
194,Valencia,Kellert,vkellert5d@indiatimes.com,25
195,Colet,Orehead,corehead5e@issuu.com,54
196,Connie,Coverdill,ccoverdill5f@timesonline.co.uk,62
197,Prince,Dudmesh,pdudmesh5g@cbc.ca,24
198,Kata,Willingale,kwillingale5h@discovery.com,33
199,Piotr,Wimmers,pwimmers5i@utexas.edu,78
200,Haroun,Gunthorp,hgunthorp5j@wordpress.org,27
201,Stefania,O'Doohaine,sodoohaine5k@boston.com,18
202,Dane,Baynom,dbaynom5l@slate.com,33
203,Lacee,Clench,lclench5m@chronoengine.com,57
204,Christye,Roelofs,croelofs5n@arstechnica.com,26
205,Wolfgang,Ogbourne,wogbourne5o@dmoz.org,79
206,Kalil,Wetherburn,kwetherburn5p@sciencedaily.com,27
207,Zeb,Troy,ztroy5q@histats.com,73
208,Barbi,Gounet,bgounet5r@ameblo.jp,79
209,Kalina,Allwood,kallwood5s@umn.edu,47
210,Deck,Demonge,ddemonge5t@usatoday.com,62
211,Annabela,Downie,adownie5u@google.cn,14
212,Mozes,Gallifont,mgallifont5v@mail.ru,25
213,Aymer,Blackshaw,ablackshaw5w@msu.edu,21
214,Aldric,Gifford,agifford5x@alibaba.com,80
215,Ethel,Oldaker,eoldaker5y@smugmug.com,12
216,Bridie,Gemelli,bgemelli5z@nationalgeographic.com,80
217,Adolf,Lowther,alowther60@com.com,57
218,Quincey,Mathwin,qmathwin61@lulu.com,58
219,Katina,England,kengland62@google.ca,62
220,Pacorro,Maccrea,pmaccrea63@tumblr.com,66
221,Roselle,Yurikov,ryurikov64@mozilla.com,66
222,Kermy,Nixon,knixon65@ning.com,34
223,Malinde,Itzkin,mitzkin66@adobe.com,66
224,Wayne,Chiese,wchiese67@amazon.co.jp,25
225,Algernon,Skeleton,askeleton68@google.com.au,68
226,Carver,Theurer,ctheurer69@foxnews.com,52
227,Calypso,Lazell,clazell6a@angelfire.com,55
228,Austin,Waldram,awaldram6b@msu.edu,60
229,Lockwood,Cleaveland,lcleaveland6c@earthlink.net,36
230,Rubin,Khoter,rkhoter6d@shareasale.com,29
231,Edik,Baal,ebaal6e@reddit.com,29
232,Emlynne,Kristufek,ekristufek6f@fotki.com,78
233,Mufinella,Shmyr,mshmyr6g@amazon.com,25
234,Levin,Skain,lskain6h@squarespace.com,44
235,Jobyna,Bagnal,jbagnal6i@canalblog.com,35
236,Aeriela,Chesworth,achesworth6j@google.nl,33
237,Tobe,Boutton,tboutton6k@canalblog.com,56
238,Millicent,Norker,mnorker6l@virginia.edu,51
239,Astra,Bottelstone,abottelstone6m@state.tx.us,75
240,Judye,Lurcock,jlurcock6n@people.com.cn,52
241,Alexandro,Alliston,aalliston6o@jiathis.com,46
242,Herculie,Pietsma,hpietsma6p@ifeng.com,73
243,Coreen,Shildrick,cshildrick6q@google.com.br,77
244,Richard,Michieli,rmichieli6r@ebay.com,53
245,Jedidiah,Mussington,jmussington6s@dmoz.org,38
246,Bourke,Guidone,bguidone6t@csmonitor.com,70
247,Ardine,Rimington,arimington6u@tmall.com,70
248,Lisabeth,Everit,leverit6v@dion.ne.jp,47
249,Darby,Tatlock,dtatlock6w@infoseek.co.jp,74
250,Chaunce,Bartaletti,cbartaletti6x@pinterest.com,34
251,Tiler,Abrahamian,tabrahamian6y@desdev.cn,25
252,Celine,Stiger,cstiger6z@seesaa.net,62
253,Langsdon,Grimster,lgrimster70@auda.org.au,25
254,Kath,Pilpovic,kpilpovic71@tripod.com,31
255,Elwyn,Dorney,edorney72@wiley.com,34
256,Kalvin,Ollet,kollet73@biglobe.ne.jp,27
257,Audra,Vasyukhnov,avasyukhnov74@bizjournals.com,53
258,Brita,Farren,bfarren75@usgs.gov,79
259,Davide,MacConnel,dmacconnel76@diigo.com,70
260,Elyssa,Beccero,ebeccero77@typepad.com,40
261,Brandon,Leyninye,bleyninye78@tinypic.com,63
262,Gram,McConnell,gmcconnell79@businessweek.com,49
263,Hans,Ingley,hingley7a@ibm.com,40
264,Ainslee,Partlett,apartlett7b@sakura.ne.jp,42
265,Franny,Boichat,fboichat7c@last.fm,26
266,Raul,Picken,rpicken7d@virginia.edu,45
267,Anica,Foakes,afoakes7e@si.edu,75
268,Demetris,Druhan,ddruhan7f@blogspot.com,17
269,Peter,Hallewell,phallewell7g@newyorker.com,12
270,Jerri,Alston,jalston7h@sun.com,30
271,Franzen,Whapples,fwhapples7i@aboutads.info,69
272,Mala,Jonuzi,mjonuzi7j@goodreads.com,63
273,Erma,Duck,educk7k@sphinn.com,77
274,April,Connold,aconnold7l@cmu.edu,59
275,Maighdiln,Smitherham,msmitherham7m@upenn.edu,17
276,Tedman,Weightman,tweightman7n@w3.org,74
277,Amber,Late,alate7o@ebay.co.uk,52
278,Tara,Wilcockes,twilcockes7p@netlog.com,60
279,Arnoldo,Dyos,adyos7q@miibeian.gov.cn,13
280,Moyna,McArd,mmcard7r@xing.com,46
281,Maggy,Johnes,mjohnes7s@narod.ru,36
282,Ware,Phette,wphette7t@bbc.co.uk,34
283,Richie,Vaughn,rvaughn7u@sitemeter.com,40
284,Dennison,Matthius,dmatthius7v@dyndns.org,61
285,Caron,Mundie,cmundie7w@imgur.com,18
286,Khalil,Lochhead,klochhead7x@wikia.com,56
287,Breena,Shovlar,bshovlar7y@merriam-webster.com,27
288,Abner,Shaw,ashaw7z@paypal.com,43
289,Shell,Lutwyche,slutwyche80@elpais.com,62
290,Mireille,Arbuckle,marbuckle81@technorati.com,37
291,Coraline,Whisby,cwhisby82@thetimes.co.uk,37
292,Zack,Dunk,zdunk83@sina.com.cn,15
293,Murvyn,Robiot,mrobiot84@de.vu,68
294,Claudius,Gatheral,cgatheral85@fotki.com,55
295,Erick,Brusle,ebrusle86@feedburner.com,16
296,Raleigh,Pfaffe,rpfaffe87@sfgate.com,46
297,Antonietta,Van der Daal,avanderdaal88@yellowbook.com,21
298,Tracy,Taveriner,ttaveriner89@constantcontact.com,74
299,Lissy,Blowne,lblowne8a@yahoo.com,69
300,Nicola,Joe,njoe8b@ezinearticles.com,53
301,Hermon,Hazleton,hhazleton8c@adobe.com,38
302,Cornell,Portam,cportam8d@blogs.com,15
303,Farlay,Linneman,flinneman8e@wunderground.com,25
304,Bevan,Ford,bford8f@hugedomains.com,65
305,Allister,Phare,aphare8g@toplist.cz,33
306,Sofie,Swinn,sswinn8h@arizona.edu,39
307,Josie,Arrundale,jarrundale8i@amazon.com,24
308,Jeddy,Bartomeu,jbartomeu8j@newyorker.com,78
309,Caroljean,Dashwood,cdashwood8k@princeton.edu,39
310,Clevey,Robjents,crobjents8l@etsy.com,79
311,Sheffy,Twinbourne,stwinbourne8m@about.me,46
312,Grannie,O'Crigane,gocrigane8n@hp.com,12
313,Farrel,Robarts,frobarts8o@github.io,63
314,Cristal,Hannabuss,channabuss8p@sun.com,20
315,Inesita,Durno,idurno8q@redcross.org,80
316,Laughton,Jados,ljados8r@va.gov,59
317,Kirbie,Chaudret,kchaudret8s@princeton.edu,80
318,Nonnah,Scadding,nscadding8t@deliciousdays.com,43
319,Modestine,Crooks,mcrooks8u@tripod.com,44
320,Vanna,Gueinn,vgueinn8v@yellowbook.com,72
321,Whitaker,Childe,wchilde8w@dailymotion.com,68
322,Ricard,Curson,rcurson8x@google.com,33
323,Sergei,Rotlauf,srotlauf8y@theatlantic.com,33
324,Jean,MacCague,jmaccague8z@ifeng.com,51
325,Elayne,McIllrick,emcillrick90@cnbc.com,34
326,Cathrin,Cowins,ccowins91@yellowpages.com,40
327,Cicily,Malpass,cmalpass92@google.cn,33
328,Elset,Lesper,elesper93@blogger.com,14
329,Pansie,Brookz,pbrookz94@ca.gov,69
330,Chrysa,Avon,cavon95@diigo.com,23
331,Cesar,Cordelle,ccordelle96@mit.edu,24
332,Katinka,Ajsik,kajsik97@histats.com,48
333,Lianna,Cobbin,lcobbin98@businesswire.com,19
334,Vin,Juggings,vjuggings99@free.fr,58
335,Sanford,Gozard,sgozard9a@icq.com,12
336,Rosemaria,Clementi,rclementi9b@springer.com,54
337,Ashlee,Pendle,apendle9c@mlb.com,77
338,Tracie,Sellick,tsellick9d@parallels.com,19
339,Walliw,McGeachy,wmcgeachy9e@ox.ac.uk,46
340,Vale,Trussell,vtrussell9f@youtube.com,78
341,Isa,Galia,igalia9g@mtv.com,44
342,Becca,Coxwell,bcoxwell9h@simplemachines.org,32
343,Inga,Cridlon,icridlon9i@360.cn,38
344,Blinny,Marshallsay,bmarshallsay9j@nasa.gov,15
345,Tann,Sears,tsears9k@geocities.jp,41
346,Alistair,Plume,aplume9l@narod.ru,51
347,Chloette,Symones,csymones9m@constantcontact.com,68
348,Juan,Janoschek,jjanoschek9n@smh.com.au,40
349,Bill,Kett,bkett9o@tripadvisor.com,51
350,Antony,Pauncefoot,apauncefoot9p@google.co.uk,50
351,Claudie,Giraldez,cgiraldez9q@microsoft.com,48
352,Sayre,Vasilik,svasilik9r@mapy.cz,34
353,Ezequiel,O'Bruen,eobruen9s@photobucket.com,28
354,Adelaida,Merkle,amerkle9t@marketwatch.com,71
355,Freddy,Baudi,fbaudi9u@domainmarket.com,31
356,Jesse,Tysack,jtysack9v@360.cn,16
357,Morry,Gladman,mgladman9w@umn.edu,20
358,Molli,Litster,mlitster9x@wisc.edu,66
359,Casi,Wrightham,cwrightham9y@cyberchimps.com,38
360,Ira,Dallywater,idallywater9z@mtv.com,26
361,Hi,Reuther,hreuthera0@lycos.com,22
362,Stanwood,Kelland,skellanda1@tripadvisor.com,63
363,Sibeal,Sexty,ssextya2@theguardian.com,47
364,Francisca,Scolding,fscoldinga3@diigo.com,20
365,Bill,Lavarack,blavaracka4@phpbb.com,28
366,Ephraim,Dishmon,edishmona5@umich.edu,22
367,Sibeal,Leisk,sleiska6@auda.org.au,58
368,Maxy,Emor,memora7@cnn.com,12
369,Bethany,Chamberlain,bchamberlaina8@china.com.cn,68
370,Nealy,Tommeo,ntommeoa9@4shared.com,31
371,Ricca,Diben,rdibenaa@loc.gov,39
372,Emlyn,Champken,echampkenab@jigsy.com,45
373,Phip,Coster,pcosterac@angelfire.com,23
374,Gabriella,Lidgerton,glidgertonad@123-reg.co.uk,76
375,Toby,Whiles,twhilesae@canalblog.com,56
376,Maxim,Carnow,mcarnowaf@senate.gov,76
377,Darla,Lorand,dlorandag@amazonaws.com,24
378,Barron,Calow,bcalowah@123-reg.co.uk,49
379,Hanna,Eburne,heburneai@yandex.ru,62
380,Marget,Forward,mforwardaj@privacy.gov.au,54
381,Vincent,Stopforth,vstopforthak@nhs.uk,32
382,Edward,Prattington,eprattingtonal@usatoday.com,38
383,Halette,Santo,hsantoam@ebay.com,13
384,Benetta,Palister,bpalisteran@squidoo.com,60
385,Raimund,Le Grove,rlegroveao@jiathis.com,48
386,Augusto,Hoppner,ahoppnerap@state.gov,15
387,Donella,Ketts,dkettsaq@wikimedia.org,33
388,Blythe,Senner,bsennerar@pcworld.com,33
389,Bobbette,Heinreich,bheinreichas@un.org,74
390,Burg,Rodgier,brodgierat@devhub.com,67
391,Baudoin,Kalinovich,bkalinovichau@nbcnews.com,33
392,Halsy,O'Hallagan,hohallaganav@virginia.edu,51
393,Orelie,Dana,odanaaw@skyrock.com,27
394,Clyve,Bradwell,cbradwellax@qq.com,36
395,Jordanna,Ventham,jventhamay@360.cn,45
396,Maure,Andrivot,mandrivotaz@nsw.gov.au,14
397,Jayme,Simes,jsimesb0@sourceforge.net,20
398,Barri,Pashler,bpashlerb1@odnoklassniki.ru,75
399,Cissiee,Nevinson,cnevinsonb2@tinypic.com,80
400,Gerda,Liversedge,gliversedgeb3@comsenz.com,32
401,Lisabeth,Ridewood,lridewoodb4@rediff.com,66
402,Dorris,Gunner,dgunnerb5@fc2.com,37
403,Althea,Neiland,aneilandb6@tripadvisor.com,65
404,Claudina,Gatfield,cgatfieldb7@yellowpages.com,57
405,Haroun,Frean,hfreanb8@howstuffworks.com,32
406,Celesta,Noah,cnoahb9@biblegateway.com,55
407,Jeniece,Blackledge,jblackledgeba@slideshare.net,62
408,Margaret,Kingscote,mkingscotebb@dailymotion.com,27
409,Finn,Tobias,ftobiasbc@mlb.com,49
410,Lou,Renton,lrentonbd@vk.com,64
411,Prissie,Blasdale,pblasdalebe@springer.com,73
412,Cammi,Ventam,cventambf@com.com,41
413,Melisent,Elland,mellandbg@creativecommons.org,64
414,Aaron,Purcer,apurcerbh@buzzfeed.com,75
415,Grata,Mussilli,gmussillibi@edublogs.org,36
416,Yancey,Colnett,ycolnettbj@utexas.edu,19
417,Harriette,Smylie,hsmyliebk@macromedia.com,39
418,Latisha,Cohr,lcohrbl@aboutads.info,28
419,Berke,Beardsall,bbeardsallbm@fda.gov,15
420,Porter,Pettersen,ppettersenbn@example.com,55
421,Janie,Voce,jvocebo@mozilla.org,42
422,Cindie,Whittick,cwhittickbp@ted.com,17
423,Giavani,Bunstone,gbunstonebq@altervista.org,74
424,Ardyth,Sansome,asansomebr@google.pl,80
425,Sanders,Dillicate,sdillicatebs@twitter.com,64
426,Becka,Rawsthorne,brawsthornebt@cdbaby.com,32
427,Mollie,Libbis,mlibbisbu@reference.com,14
428,Bradley,Hourston,bhourstonbv@miibeian.gov.cn,58
429,Pet,Camier,pcamierbw@xing.com,20
430,Lodovico,Gauntlett,lgauntlettbx@npr.org,20
431,Layla,Dewdney,ldewdneyby@ibm.com,45
432,Alix,Craisford,acraisfordbz@ameblo.jp,53
433,Harwilll,Jakeman,hjakemanc0@mlb.com,14
434,Marieann,Dranfield,mdranfieldc1@columbia.edu,25
435,Hamish,Wildman,hwildmanc2@mit.edu,34
436,Danella,Devey,ddeveyc3@quantcast.com,25
437,Zack,Odger,zodgerc4@moonfruit.com,29
438,Rudy,Labin,rlabinc5@japanpost.jp,71
439,Aleen,Eckery,aeckeryc6@biblegateway.com,76
440,Shea,Salamon,ssalamonc7@ft.com,21
441,Idell,Yeaman,iyeamanc8@freewebs.com,59
442,Gusti,Dyster,gdysterc9@taobao.com,47
443,Ainslee,Maillard,amaillardca@wsj.com,24
444,Walther,Bodker,wbodkercb@wikia.com,34
445,Caspar,Ollis,colliscc@skyrock.com,55
446,Andrea,Water,awatercd@springer.com,25
447,Manolo,Joel,mjoelce@smugmug.com,57
448,Maribeth,Dowears,mdowearscf@yolasite.com,57
449,Laney,Lowndsborough,llowndsboroughcg@baidu.com,55
450,Quinta,Tomasik,qtomasikch@narod.ru,22
451,Joline,Rosenwasser,jrosenwasserci@princeton.edu,42
452,Mano,Vasyutochkin,mvasyutochkincj@deliciousdays.com,31
453,Lee,Beades,lbeadesck@hubpages.com,38
454,Cortie,Drought,cdroughtcl@japanpost.jp,43
455,Yanaton,Callendar,ycallendarcm@hao123.com,62
456,Modesta,Tinmouth,mtinmouthcn@paypal.com,30
457,Witty,Gore,wgoreco@blogs.com,51
458,Skelly,Wigg,swiggcp@elpais.com,42
459,Sara,Demangel,sdemangelcq@xing.com,54
460,Corine,Evitts,cevittscr@drupal.org,64
461,Carolan,McIlhatton,cmcilhattoncs@dmoz.org,34
462,Kirstyn,Sudell,ksudellct@comcast.net,72
463,Alvinia,Tuckwood,atuckwoodcu@hhs.gov,31
464,Quintus,O'Brallaghan,qobrallaghancv@wikispaces.com,29
465,Alina,Faldo,afaldocw@netvibes.com,17
466,Brandy,Kobsch,bkobschcx@ocn.ne.jp,56
467,Bethanne,Abbyss,babbysscy@wordpress.org,55
468,Chad,Townson,ctownsoncz@hud.gov,79
469,Ramona,Hamill,rhamilld0@hp.com,29
470,Kellia,Endean,kendeand1@prlog.org,52
471,Ariel,Spirritt,aspirrittd2@netscape.com,15
472,Adolphe,Addess,aaddessd3@uiuc.edu,57
473,Blondell,Boyack,bboyackd4@nationalgeographic.com,69
474,Veriee,Marklin,vmarklind5@nydailynews.com,60
475,Ilsa,Bassam,ibassamd6@bloglovin.com,30
476,Windham,Speerman,wspeermand7@squidoo.com,59
477,Ashlin,Landreth,alandrethd8@ucla.edu,80
478,Trent,Peyzer,tpeyzerd9@nationalgeographic.com,16
479,Alfie,Scullard,ascullardda@trellian.com,43
480,Alexis,Andrini,aandrinidb@economist.com,27
481,Bartel,Iacoboni,biacobonidc@google.fr,38
482,Gwenneth,Boyer,gboyerdd@wikia.com,57
483,Ebony,Cofax,ecofaxde@phoca.cz,63
484,Jessika,Zealander,jzealanderdf@oaic.gov.au,12
485,Gardy,Colling,gcollingdg@sciencedirect.com,16
486,Haven,Risbridge,hrisbridgedh@facebook.com,31
487,Fanchon,Benasik,fbenasikdi@ebay.com,54
488,Lammond,Alleyn,lalleyndj@plala.or.jp,27
489,Danella,ducarme,dducarmedk@apple.com,25
490,Tammie,Reston,trestondl@oaic.gov.au,24
491,Madeline,Schwandermann,mschwandermanndm@yelp.com,33
492,Chad,Jacquemot,cjacquemotdn@scientificamerican.com,35
493,Laural,McVicar,lmcvicardo@blogtalkradio.com,54
494,Phillida,Pountney,ppountneydp@rediff.com,17
495,Joelie,Pladen,jpladendq@slate.com,26
496,Elisabet,Hornung,ehornungdr@etsy.com,51
497,Jarrid,Viegas,jviegasds@hao123.com,37
498,Jena,Lapre,jlapredt@studiopress.com,12
499,Dorothea,Eadmeads,deadmeadsdu@google.com,46
500,Kiel,Deluze,kdeluzedv@nsw.gov.au,73
501,Humfrey,Langham,hlanghamdw@discuz.net,52
502,Daphene,Thieme,dthiemedx@yellowpages.com,32
503,Devland,Emlin,demlindy@forbes.com,54
504,Ario,Schiell,aschielldz@apache.org,17
505,Pen,Wardrop,pwardrope0@mapquest.com,66
506,Kalindi,Geipel,kgeipele1@example.com,32
507,Marta,Pllu,mpllue2@theguardian.com,67
508,Bibi,Woolager,bwoolagere3@google.co.jp,66
509,Nial,Semonin,nsemonine4@wikia.com,13
510,Retha,Sunderland,rsunderlande5@google.com.au,30
511,Chick,Connar,cconnare6@github.com,35
512,Franny,McElrea,fmcelreae7@webeden.co.uk,12
513,Parrnell,Mechell,pmechelle8@newsvine.com,62
514,Ingaborg,Hathorn,ihathorne9@zimbio.com,27
515,Marne,Lygoe,mlygoeea@furl.net,75
516,Riane,Cothey,rcotheyeb@cyberchimps.com,38
517,Hollie,Storrier,hstorrierec@sakura.ne.jp,66
518,Kassie,Schuelcke,kschuelckeed@arizona.edu,50
519,Shirlene,Seleway,sselewayee@aol.com,78
520,Orrin,Koschke,okoschkeef@ibm.com,63
521,Blayne,Champerlen,bchamperleneg@liveinternet.ru,20
522,Kathryn,Suttaby,ksuttabyeh@cpanel.net,28
523,Clayson,Windebank,cwindebankei@nasa.gov,79
524,Edita,Ramelot,eramelotej@pinterest.com,77
525,Kayley,Bontoft,kbontoftek@columbia.edu,18
526,Merrielle,Jope,mjopeel@free.fr,50
527,Chris,Salway,csalwayem@blogger.com,49
528,Chicky,Doe,cdoeen@wisc.edu,25
529,Peadar,Aughton,paughtoneo@scribd.com,34
530,Mina,Weiss,mweissep@google.com,37
531,Abramo,Jukes,ajukeseq@feedburner.com,65
532,Jayson,Card,jcarder@addthis.com,34
533,Marti,Lantiff,mlantiffes@apple.com,66
534,Horace,Fayter,hfayteret@digg.com,29
535,Sheelagh,Amner,samnereu@umn.edu,34
536,Allina,Shelbourne,ashelbourneev@yahoo.com,52
537,Annis,Blissitt,ablissittew@themeforest.net,73
538,Dominique,Millett,dmillettex@springer.com,56
539,Mic,Matys,mmatysey@jugem.jp,62
540,Gregg,Randerson,grandersonez@over-blog.com,26
541,Dotti,Bellwood,dbellwoodf0@sitemeter.com,69
542,Eulalie,Biasi,ebiasif1@upenn.edu,29
543,Gillian,Schlagh,gschlaghf2@gmpg.org,21
544,Derrek,Westhead,dwestheadf3@globo.com,48
545,Dane,Woollam,dwoollamf4@edublogs.org,20
546,Kathie,Cranstone,kcranstonef5@bloomberg.com,24
547,Anestassia,Clogg,acloggf6@fda.gov,74
548,Coleman,Hiner,chinerf7@drupal.org,35
549,Grethel,Avery,gaveryf8@japanpost.jp,62
550,Redd,O'Carran,rocarranf9@naver.com,59
551,Hillel,McNevin,hmcnevinfa@comcast.net,35
552,Roxanna,Dance,rdancefb@fastcompany.com,79
553,Clarence,Piletic,cpileticfc@cnn.com,29
554,Wheeler,Worling,wworlingfd@issuu.com,32
555,Elroy,Riche,erichefe@de.vu,33
556,Britni,Alecock,balecockff@google.nl,41
557,Elvina,Purkis,epurkisfg@techcrunch.com,37
558,Oates,Miko,omikofh@state.tx.us,37
559,Ermanno,Leneve,elenevefi@godaddy.com,30
560,Garwin,Boake,gboakefj@w3.org,41
561,Alonzo,Dutnall,adutnallfk@theatlantic.com,24
562,Pauly,Yitzhok,pyitzhokfl@networksolutions.com,68
563,Avram,Mackerness,amackernessfm@opensource.org,60
564,Perla,Vinau,pvinaufn@dot.gov,53
565,Maegan,Manilow,mmanilowfo@homestead.com,30
566,Corny,Rahill,crahillfp@washingtonpost.com,30
567,Glen,Jacqueme,gjacquemefq@usda.gov,70
568,Augustin,Crucetti,acrucettifr@dot.gov,75
569,Lurette,Stranger,lstrangerfs@unesco.org,39
570,Doreen,Jenking,djenkingft@infoseek.co.jp,26
571,Lita,Bloore,lbloorefu@g.co,22
572,Franciska,Jansky,fjanskyfv@amazon.com,45
573,Jacintha,Andrin,jandrinfw@wix.com,74
574,Pierce,Robeson,probesonfx@photobucket.com,21
575,Winnie,Sands-Allan,wsandsallanfy@sbwire.com,35
576,Milty,Martinson,mmartinsonfz@google.it,79
577,Rahal,Leindecker,rleindeckerg0@accuweather.com,13
578,Diarmid,Bruckner,dbrucknerg1@sitemeter.com,33
579,Darby,Bentson,dbentsong2@issuu.com,27
580,Marja,Thewys,mthewysg3@yellowbook.com,67
581,Kaspar,Morey,kmoreyg4@forbes.com,60
582,Dwight,Doddemeede,ddoddemeedeg5@senate.gov,75
583,Maridel,Albiston,malbistong6@ihg.com,54
584,Hube,Puttan,hputtang7@psu.edu,20
585,Penn,Seegar,pseegarg8@comcast.net,55
586,Reina,Boick,rboickg9@usda.gov,18
587,Stevie,Very,sveryga@domainmarket.com,57
588,Findley,Lillicrop,flillicropgb@drupal.org,65
589,Timmie,Keppy,tkeppygc@uiuc.edu,80
590,Elle,Dorot,edorotgd@simplemachines.org,65
591,Lidia,La Batie,llabatiege@utexas.edu,15
592,Odessa,Kubicki,okubickigf@symantec.com,17
593,Klemens,Bridgewater,kbridgewatergg@sohu.com,40
594,Laurette,Kunat,lkunatgh@apache.org,48
595,Wrennie,Clyne,wclynegi@loc.gov,49
596,Alden,McConnal,amcconnalgj@reverbnation.com,68
597,Garvin,Benedikt,gbenediktgk@wiley.com,69
598,Shanan,Bambery,sbamberygl@cafepress.com,26
599,Kellen,Lyven,klyvengm@dedecms.com,44
600,Ag,Ofer,aofergn@furl.net,65
601,Dar,Foulgham,dfoulghamgo@opensource.org,23
602,Missie,Bramall,mbramallgp@ehow.com,29
603,Kellie,Bakes,kbakesgq@prweb.com,14
604,Xymenes,Attryde,xattrydegr@rambler.ru,18
605,Axe,Geindre,ageindregs@squidoo.com,13
606,Kit,McFade,kmcfadegt@scribd.com,77
607,Carlin,Mansel,cmanselgu@privacy.gov.au,75
608,Lin,Mahoney,lmahoneygv@ted.com,47
609,Doloritas,Woodard,dwoodardgw@wiley.com,67
610,Julieta,Roache,jroachegx@surveymonkey.com,67
611,Brittni,Gyenes,bgyenesgy@pen.io,76
612,Harry,Magner,hmagnergz@ted.com,25
613,Jilly,Crosen,jcrosenh0@etsy.com,43
614,Andreas,Leeds,aleedsh1@tamu.edu,53
615,Norma,Lorimer,nlorimerh2@cam.ac.uk,34
616,Liv,Rignoldes,lrignoldesh3@wikia.com,56
617,Alexandre,Peidro,apeidroh4@soup.io,20
618,Josey,Muehler,jmuehlerh5@forbes.com,43
619,Janie,Tolle,jtolleh6@usatoday.com,18
620,Francklyn,Manterfield,fmanterfieldh7@shinystat.com,45
621,Terese,Beaudry,tbeaudryh8@gravatar.com,13
622,Grissel,Samsonsen,gsamsonsenh9@yellowpages.com,40
623,Bondie,Cullon,bcullonha@fastcompany.com,49
624,Raynell,Phethean,rphetheanhb@example.com,25
625,Neel,Aris,narishc@buzzfeed.com,46
626,Yorgos,Geach,ygeachhd@seesaa.net,28
627,Loni,Greene,lgreenehe@npr.org,32
628,Ruggiero,Sutter,rsutterhf@feedburner.com,33
629,Halley,Napoleon,hnapoleonhg@elegantthemes.com,70
630,Nikkie,Najera,nnajerahh@slashdot.org,45
631,Lida,Barthrup,lbarthruphi@marketwatch.com,33
632,Charmian,Detoc,cdetochj@zdnet.com,31
633,Berta,Breen,bbreenhk@dot.gov,22
634,Obadiah,Timeby,otimebyhl@narod.ru,78
635,Nerita,Skeldon,nskeldonhm@berkeley.edu,37
636,Veriee,Stuer,vstuerhn@delicious.com,41
637,Burch,Sinott,bsinottho@alibaba.com,23
638,Pat,Jindra,pjindrahp@europa.eu,69
639,Corabel,Hedingham,chedinghamhq@theglobeandmail.com,39
640,Andria,Ritson,aritsonhr@prweb.com,43
641,Lani,Fairest,lfairesths@odnoklassniki.ru,53
642,Addy,Tookey,atookeyht@netvibes.com,26
643,Atlanta,Jennrich,ajennrichhu@hatena.ne.jp,24
644,Nobie,Andrassy,nandrassyhv@independent.co.uk,52
645,Curran,Lemmen,clemmenhw@nhs.uk,29
646,Patrice,Emmanuel,pemmanuelhx@1und1.de,13
647,Pieter,Laible,plaiblehy@apache.org,70
648,Ludovika,Crombie,lcrombiehz@loc.gov,36
649,Walliw,Fierro,wfierroi0@over-blog.com,65
650,Virginia,Keunemann,vkeunemanni1@lycos.com,17
651,Alessandro,Kleinfeld,akleinfeldi2@homestead.com,29
652,Jessamyn,Hazelhurst,jhazelhursti3@ft.com,18
653,Katrinka,Lascell,klascelli4@mozilla.org,64
654,Celinka,Waind,cwaindi5@sourceforge.net,36
655,Cordell,Abreheart,cabrehearti6@businesswire.com,54
656,Peggy,Greason,pgreasoni7@berkeley.edu,75
657,Sibeal,Casperri,scasperrii8@columbia.edu,45
658,Zabrina,St Ange,zstangei9@loc.gov,40
659,Hermine,Malafe,hmalafeia@seesaa.net,19
660,Farris,Cunniam,fcunniamib@weibo.com,59
661,Ossie,Espin,oespinic@youtu.be,32
662,Clifford,Groombridge,cgroombridgeid@webeden.co.uk,40
663,Reggy,Hazleton,rhazletonie@latimes.com,57
664,Talia,Mariot,tmariotif@people.com.cn,16
665,Nannette,McKimmie,nmckimmieig@blogspot.com,16
666,Kelly,Louiset,klouisetih@is.gd,75
667,Cathi,Gronno,cgronnoii@netlog.com,12
668,Belvia,Bonelle,bbonelleij@irs.gov,74
669,Melinda,Habgood,mhabgoodik@amazon.de,51
670,Mozes,Shuard,mshuardil@pen.io,30
671,Jens,Fathers,jfathersim@miitbeian.gov.cn,16
672,Lonnard,Fairnie,lfairniein@cdbaby.com,40
673,Cariotta,Cleeton,ccleetonio@edublogs.org,78
674,Leroy,Rodgier,lrodgierip@gmpg.org,43
675,Craggie,Gobourn,cgobourniq@freewebs.com,38
676,Ford,Carse,fcarseir@ft.com,67
677,Germain,Allon,gallonis@prnewswire.com,44
678,Orelee,Jent,ojentit@hugedomains.com,64
679,Conant,McCawley,cmccawleyiu@mail.ru,40
680,Belita,Turpin,bturpiniv@ow.ly,51
681,Doria,Lantoph,dlantophiw@stanford.edu,68
682,Gabbie,Rosoman,grosomanix@reference.com,38
683,Clary,McGinny,cmcginnyiy@wiley.com,79
684,Casandra,Feehery,cfeeheryiz@huffingtonpost.com,72
685,Kathryne,Dean,kdeanj0@google.ca,74
686,Shirleen,Rudloff,srudloffj1@statcounter.com,38
687,Nathalie,Fippe,nfippej2@chicagotribune.com,69
688,Hamilton,Greenhalf,hgreenhalfj3@amazonaws.com,18
689,Vonny,Vaun,vvaunj4@github.io,71
690,Arabel,Frapwell,afrapwellj5@wordpress.org,74
691,Karlan,Ebsworth,kebsworthj6@pcworld.com,74
692,Sax,Laherty,slahertyj7@bravesites.com,80
693,Tye,Ucchino,tucchinoj8@time.com,63
694,Rosemonde,Toffel,rtoffelj9@marriott.com,42
695,Cindie,Upstell,cupstellja@netlog.com,61
696,Hendrick,Hempel,hhempeljb@bizjournals.com,45
697,Seth,Woodberry,swoodberryjc@geocities.jp,32
698,Normy,Lawdham,nlawdhamjd@google.es,25
699,Zorine,Matzkaitis,zmatzkaitisje@java.com,59
700,Monro,Oliffe,moliffejf@wp.com,25
701,Sherman,Struijs,sstruijsjg@facebook.com,37
702,Granville,Dudny,gdudnyjh@hostgator.com,61
703,Humfried,Moors,hmoorsji@springer.com,56
704,Selinda,Glowinski,sglowinskijj@washington.edu,42
705,Ginny,Dalgarnowch,gdalgarnowchjk@stanford.edu,31
706,Marcia,McCullagh,mmccullaghjl@de.vu,19
707,Erminia,Pontin,epontinjm@networkadvertising.org,74
708,Vern,Coots,vcootsjn@reverbnation.com,14
709,Fidelia,Rayne,fraynejo@mediafire.com,40
710,Malachi,Beecraft,mbeecraftjp@nasa.gov,50
711,Rachele,Spensley,rspensleyjq@nsw.gov.au,61
712,Tabor,Ville,tvillejr@sohu.com,65
713,Buffy,Fealty,bfealtyjs@google.ru,75
714,Aura,Pont,apontjt@paginegialle.it,34
715,Kailey,Daws,kdawsju@latimes.com,17
716,Brandon,Sherwyn,bsherwynjv@china.com.cn,20
717,Emmit,Please,epleasejw@bbc.co.uk,25
718,Sander,Abbay,sabbayjx@studiopress.com,22
719,Nicolis,Leggis,nleggisjy@creativecommons.org,34
720,Selinda,Lanahan,slanahanjz@miitbeian.gov.cn,37
721,Thorvald,Graham,tgrahamk0@amazon.co.uk,23
722,Taylor,Gerrit,tgerritk1@upenn.edu,27
723,Simeon,Gooderson,sgoodersonk2@domainmarket.com,18
724,Dunc,Inglefield,dinglefieldk3@ifeng.com,15
725,Leslie,Cambling,lcamblingk4@360.cn,79
726,Emanuele,Carmel,ecarmelk5@smh.com.au,31
727,Tyrone,Minchell,tminchellk6@csmonitor.com,36
728,Farr,Barff,fbarffk7@cnet.com,38
729,Donnell,Darnbrook,ddarnbrookk8@unblog.fr,27
730,Darelle,Silman,dsilmank9@lulu.com,13
731,Georgie,Conibere,gconibereka@hibu.com,52
732,Lotta,MacPeice,lmacpeicekb@amazon.de,34
733,Thadeus,Gallier,tgallierkc@people.com.cn,72
734,Eirena,Watkin,ewatkinkd@yellowpages.com,17
735,Fay,Vye,fvyeke@bravesites.com,46
736,Adriaens,Eckly,aecklykf@hao123.com,29
737,Barney,MacGiolla Pheadair,bmacgiollapheadairkg@geocities.com,16
738,Hubie,Jachimczak,hjachimczakkh@mapy.cz,26
739,Kaye,Clissett,kclissettki@deliciousdays.com,68
740,Hildegaard,Jeskins,hjeskinskj@nature.com,46
741,Moishe,Mulvey,mmulveykk@pinterest.com,50
742,Ally,Philcock,aphilcockkl@hao123.com,54
743,Georgena,Fretwell,gfretwellkm@google.com.br,17
744,Almeria,Fandrich,afandrichkn@ustream.tv,21
745,Brenda,Sanzio,bsanzioko@nasa.gov,39
746,Artemis,Borwick,aborwickkp@odnoklassniki.ru,36
747,Mordy,Kraft,mkraftkq@va.gov,54
748,Kora,Curl,kcurlkr@senate.gov,23
749,Oriana,Easbie,oeasbieks@bizjournals.com,72
750,Crin,Joslin,cjoslinkt@canalblog.com,39
751,Maritsa,Fowgies,mfowgiesku@usgs.gov,63
752,Gregor,Antczak,gantczakkv@cnn.com,15
753,Rubin,Mertin,rmertinkw@nasa.gov,20
754,Briggs,Lappine,blappinekx@ovh.net,57
755,Richardo,Pickle,rpickleky@amazon.com,27
756,Scotty,Millichip,smillichipkz@answers.com,16
757,Malachi,Uccelli,muccellil0@youtu.be,76
758,Meredith,Penton,mpentonl1@telegraph.co.uk,70
759,Bertina,Saipy,bsaipyl2@list-manage.com,27
760,Matteo,Crassweller,mcrasswellerl3@berkeley.edu,17
761,Gilbertine,Jerson,gjersonl4@boston.com,56
762,Gray,Hillin,ghillinl5@edublogs.org,19
763,Fae,Kropp,fkroppl6@twitpic.com,47
764,Yasmeen,Deakins,ydeakinsl7@comcast.net,20
765,Terence,Goodright,tgoodrightl8@dot.gov,15
766,Antonius,Kempston,akempstonl9@epa.gov,32
767,Lin,Castellani,lcastellanila@mit.edu,52
768,Davita,Jaulme,djaulmelb@cnn.com,72
769,Francesca,Lough,floughlc@spiegel.de,31
770,Car,Lisle,clisleld@livejournal.com,67
771,Stacie,Whittingham,swhittinghamle@t.co,80
772,Maggi,Walewicz,mwalewiczlf@howstuffworks.com,78
773,Babette,Glide,bglidelg@webs.com,78
774,Bliss,Redmond,bredmondlh@discuz.net,24
775,Ruthe,Roads,rroadsli@businessweek.com,53
776,Auberta,Capnor,acapnorlj@dagondesign.com,20
777,Lonni,De Robertis,lderobertislk@flickr.com,22
778,Cece,Tunnah,ctunnahll@vimeo.com,46
779,Dalia,Farndell,dfarndelllm@examiner.com,12
780,Allsun,Smales,asmalesln@cam.ac.uk,80
781,Hugh,Habin,hhabinlo@privacy.gov.au,29
782,Robinson,Presslee,rpressleelp@purevolume.com,72
783,Candide,Jouandet,cjouandetlq@oracle.com,51
784,Cornelia,Causton,ccaustonlr@studiopress.com,49
785,Rossie,Limeburn,rlimeburnls@opera.com,67
786,Freedman,Pedlingham,fpedlinghamlt@comcast.net,75
787,Marcel,Thompkins,mthompkinslu@unblog.fr,67
788,Estelle,MacQuaker,emacquakerlv@angelfire.com,69
789,Stuart,Kane,skanelw@craigslist.org,36
790,Guillemette,Pietrzyk,gpietrzyklx@chicagotribune.com,76
791,Aubert,Griffithe,agriffithely@soup.io,60
792,Jeffie,Saunier,jsaunierlz@twitter.com,73
793,Bartel,Dinnis,bdinnism0@cargocollective.com,13
794,Pamella,McMorland,pmcmorlandm1@npr.org,65
795,Ebonee,Fenelon,efenelonm2@webeden.co.uk,53
796,Clemens,Norbury,cnorburym3@rediff.com,63
797,Philly,Timmons,ptimmonsm4@lulu.com,20
798,Derwin,Snartt,dsnarttm5@dion.ne.jp,62
799,Giustino,Beatson,gbeatsonm6@tripod.com,12
800,Cliff,Jandac,cjandacm7@so-net.ne.jp,73
801,Ricki,McSpirron,rmcspirronm8@seesaa.net,16
802,Thedric,Wrate,twratem9@biblegateway.com,62
803,Rosemonde,Keelinge,rkeelingema@mapy.cz,58
804,Melva,Bothe,mbothemb@buzzfeed.com,21
805,Onfre,Fass,ofassmc@cnbc.com,25
806,Shurlocke,Jahan,sjahanmd@odnoklassniki.ru,19
807,Shana,Fermer,sfermerme@is.gd,44
808,Lombard,Ciccoloi,lciccoloimf@ustream.tv,36
809,Brenden,Villiers,bvilliersmg@about.com,78
810,Christabella,Holton,choltonmh@google.ru,78
811,Helli,Jowle,hjowlemi@123-reg.co.uk,49
812,Ted,Bernadzki,tbernadzkimj@bloglines.com,25
813,Ezri,Gager,egagermk@mapquest.com,77
814,Nero,Jakubowicz,njakubowiczml@addtoany.com,73
815,Cristian,Janecek,cjanecekmm@dyndns.org,15
816,Valeda,Lembrick,vlembrickmn@fc2.com,45
817,Prudy,Gierek,pgierekmo@booking.com,69
818,Daniella,Matuschek,dmatuschekmp@fc2.com,65
819,Gabie,Danielsen,gdanielsenmq@virginia.edu,75
820,Aryn,Ginnelly,aginnellymr@ted.com,43
821,Todd,Soonhouse,tsoonhousems@cbc.ca,29
822,Vivienne,Schieferstein,vschiefersteinmt@domainmarket.com,61
823,Erin,Hagley,ehagleymu@zimbio.com,13
824,Cass,Parfitt,cparfittmv@marketwatch.com,71
825,Sherrie,Gotling,sgotlingmw@yellowbook.com,41
826,Linell,Blakeway,lblakewaymx@census.gov,21
827,Dyane,Winwood,dwinwoodmy@unblog.fr,33
828,Lind,Littlejohn,llittlejohnmz@google.nl,63
829,Vanni,Nears,vnearsn0@domainmarket.com,64
830,Brunhilda,Sudworth,bsudworthn1@dyndns.org,35
831,Buiron,Iskowicz,biskowiczn2@cpanel.net,66
832,Windham,Giorgetti,wgiorgettin3@google.cn,74
833,Tobin,Dimont,tdimontn4@irs.gov,44
834,Francesca,Naldrett,fnaldrettn5@cam.ac.uk,43
835,Nicky,Van Dale,nvandalen6@vinaora.com,21
836,Gustave,Tichelaar,gtichelaarn7@mozilla.com,44
837,Elsworth,Jerrand,ejerrandn8@twitter.com,56
838,Lauralee,Arendsen,larendsenn9@ftc.gov,48
839,Mirabel,Haxley,mhaxleyna@bloomberg.com,47
840,Sara-ann,Doring,sdoringnb@fema.gov,36
841,Cherin,Filipiak,cfilipiaknc@slashdot.org,44
842,Kathi,Annies,kanniesnd@google.com.au,77
843,Charil,Coaster,ccoasterne@usnews.com,20
844,Shel,Probet,sprobetnf@nhs.uk,22
845,Claybourne,Aitchison,caitchisonng@salon.com,62
846,Carmine,Timmens,ctimmensnh@dell.com,34
847,Dasya,Duckett,dduckettni@nydailynews.com,19
848,Jeno,Drabble,jdrabblenj@google.com.br,47
849,Alejandro,Stock,astocknk@360.cn,33
850,Lucho,Gannaway,lgannawaynl@bloomberg.com,52
851,Grange,Cradick,gcradicknm@foxnews.com,52
852,Noellyn,Clayworth,nclayworthnn@umich.edu,22
853,Garnet,Ferebee,gferebeeno@i2i.jp,35
854,Maitilde,L'Homme,mlhommenp@wunderground.com,46
855,Sybyl,Lillgard,slillgardnq@xinhuanet.com,55
856,Georgetta,Flohard,gflohardnr@freewebs.com,78
857,Fransisco,Boatswain,fboatswainns@theglobeandmail.com,27
858,Jemmie,Kerrod,jkerrodnt@webeden.co.uk,32
859,Gaby,Ruddoch,gruddochnu@creativecommons.org,24
860,Morgen,Lukock,mlukocknv@ucoz.com,51
861,Martin,Kersley,mkersleynw@surveymonkey.com,23
862,Skelly,Byfford,sbyffordnx@harvard.edu,46
863,Paten,Fitch,pfitchny@google.ca,67
864,Celene,Dillinton,cdillintonnz@bizjournals.com,65
865,Kathie,Dibbert,kdibberto0@quantcast.com,31
866,Rodge,Starrs,rstarrso1@hao123.com,60
867,Lombard,Radford,lradfordo2@so-net.ne.jp,57
868,Lib,Brosoli,lbrosolio3@youtube.com,29
869,Abbott,Adamsen,aadamseno4@mac.com,34
870,Cristina,Follos,cfolloso5@nba.com,31
871,Irwin,Janes,ijaneso6@spiegel.de,23
872,Haleigh,Lancaster,hlancastero7@1und1.de,43
873,Delinda,Dunlap,ddunlapo8@jimdo.com,20
874,Bevan,Pain,bpaino9@webs.com,52
875,Gasparo,Balstone,gbalstoneoa@liveinternet.ru,52
876,Aridatha,Ownsworth,aownsworthob@gnu.org,25
877,Rossy,Tomadoni,rtomadonioc@cbc.ca,69
878,Ranna,Dongles,rdonglesod@privacy.gov.au,34
879,Joceline,Gwynn,jgwynnoe@ebay.com,32
880,Deloria,Adamowicz,dadamowiczof@sogou.com,15
881,Elora,Cinavas,ecinavasog@nytimes.com,76
882,Eleonora,Crankhorn,ecrankhornoh@uiuc.edu,55
883,Ortensia,Jozwiak,ojozwiakoi@vkontakte.ru,62
884,Buckie,De Simone,bdesimoneoj@creativecommons.org,61
885,Aurea,Hindenberger,ahindenbergerok@examiner.com,63
886,Dareen,Mohring,dmohringol@xing.com,74
887,Wallace,Duckwith,wduckwithom@etsy.com,32
888,Natala,Lutz,nlutzon@upenn.edu,62
889,Vyky,Camus,vcamusoo@ifeng.com,45
890,Mill,Pischel,mpischelop@digg.com,18
891,Humphrey,Matthius,hmatthiusoq@vimeo.com,53
892,Mark,Faucett,mfaucettor@dagondesign.com,78
893,Mandi,Piddlehinton,mpiddlehintonos@sitemeter.com,46
894,Kali,Deevey,kdeeveyot@netlog.com,75
895,Belvia,O'Mailey,bomaileyou@cdbaby.com,47
896,Sloan,Stump,sstumpov@edublogs.org,62
897,Eadmund,Baldock,ebaldockow@aol.com,44
898,Clevie,Sinnock,csinnockox@g.co,66
899,Christos,Maytom,cmaytomoy@shutterfly.com,80
900,Gerick,Kachel,gkacheloz@posterous.com,37
901,Adoree,Gilvear,agilvearp0@archive.org,45
902,Henderson,Parlot,hparlotp1@123-reg.co.uk,50
903,Dacey,Chatan,dchatanp2@constantcontact.com,23
904,Marilee,Harkins,mharkinsp3@gov.uk,24
905,Aggie,Jachimak,ajachimakp4@quantcast.com,74
906,Mella,Carlow,mcarlowp5@google.com.hk,73
907,Jen,Trunby,jtrunbyp6@qq.com,57
908,Bernie,Mardy,bmardyp7@friendfeed.com,32
909,Tobit,Clavey,tclaveyp8@ucoz.ru,80
910,Pammi,Hellikes,phellikesp9@rambler.ru,75
911,Ellen,Spinks,espinkspa@addtoany.com,56
912,Reginald,Haskins,rhaskinspb@tamu.edu,60
913,Anna-maria,Burberow,aburberowpc@themeforest.net,47
914,Michelina,Stegers,mstegerspd@theatlantic.com,61
915,West,Stapells,wstapellspe@google.com.hk,61
916,Winthrop,McHaffy,wmchaffypf@webs.com,25
917,Allin,Tarrier,atarrierpg@diigo.com,61
918,Leonerd,Skepper,lskepperph@altervista.org,23
919,Leoline,Wonter,lwonterpi@opensource.org,53
920,Frankie,Capozzi,fcapozzipj@google.ca,47
921,Evie,Fonzo,efonzopk@yandex.ru,36
922,Malina,Keemer,mkeemerpl@fda.gov,74
923,Herbert,Minichillo,hminichillopm@state.tx.us,26
924,Kim,Dayes,kdayespn@hud.gov,15
925,Odo,Bratt,obrattpo@twitter.com,25
926,Ken,Rodrigo,krodrigopp@cisco.com,54
927,Jenilee,Helling,jhellingpq@linkedin.com,71
928,Lil,Macallam,lmacallampr@privacy.gov.au,26
929,Dagny,Khadir,dkhadirps@squidoo.com,22
930,Rahel,Fautly,rfautlypt@imageshack.us,32
931,Shelagh,Heardman,sheardmanpu@domainmarket.com,55
932,Em,Bloxsome,ebloxsomepv@sitemeter.com,21
933,Deane,Brocklebank,dbrocklebankpw@sun.com,76
934,Wallie,Andrys,wandryspx@ucsd.edu,19
935,Katherine,Riccardi,kriccardipy@studiopress.com,74
936,Olivie,Van den Hof,ovandenhofpz@home.pl,65
937,Gisele,Letch,gletchq0@miibeian.gov.cn,45
938,Raffaello,Spenclay,rspenclayq1@macromedia.com,39
939,Esma,Willstrop,ewillstropq2@independent.co.uk,12
940,Channa,Dummett,cdummettq3@blog.com,54
941,Marcelline,Landeaux,mlandeauxq4@mozilla.org,13
942,Brinn,Burd,bburdq5@example.com,54
943,Neysa,Danzig,ndanzigq6@mysql.com,76
944,El,MacQuist,emacquistq7@goodreads.com,29
945,Tiebold,Broadis,tbroadisq8@imgur.com,23
946,Cob,Grafton-Herbert,cgraftonherbertq9@gravatar.com,30
947,Christopher,Faulkes,cfaulkesqa@canalblog.com,75
948,Lotty,Cuberley,lcuberleyqb@wufoo.com,16
949,Andrea,Batcock,abatcockqc@cnn.com,74
950,Delphine,Yacob,dyacobqd@soundcloud.com,51
951,Debi,Gummery,dgummeryqe@ebay.com,25
952,Cesare,Beiderbeck,cbeiderbeckqf@seattletimes.com,78
953,Dani,Pressman,dpressmanqg@mapy.cz,41
954,Koo,Puttrell,kputtrellqh@newyorker.com,27
955,Odelia,Fulleylove,ofulleyloveqi@blinklist.com,30
956,Cherida,Eacle,ceacleqj@cpanel.net,61
957,Sofie,Orbon,sorbonqk@domainmarket.com,27
958,Anni,Bebis,abebisql@unc.edu,48
959,Cosmo,Rylett,crylettqm@exblog.jp,55
960,Hiram,Filipiak,hfilipiakqn@unicef.org,14
961,Lula,Ephgrave,lephgraveqo@mozilla.com,68
962,Fanchette,Linacre,flinacreqp@unc.edu,73
963,Pamela,Wernham,pwernhamqq@prnewswire.com,62
964,Clint,Lenton,clentonqr@mozilla.com,43
965,Tonye,Kenryd,tkenrydqs@cafepress.com,58
966,Carlina,Mundford,cmundfordqt@cargocollective.com,78
967,Garrot,Flower,gflowerqu@de.vu,26
968,Ade,MacGilfoyle,amacgilfoyleqv@bloglines.com,64
969,Raina,Stichall,rstichallqw@typepad.com,41
970,Currie,Finlayson,cfinlaysonqx@studiopress.com,61
971,Clerissa,Spurier,cspurierqy@europa.eu,15
972,Margeaux,Windous,mwindousqz@auda.org.au,25
973,Lammond,Tolliday,ltollidayr0@slashdot.org,75
974,Priscella,De la Yglesias,pdelayglesiasr1@etsy.com,70
975,Tamra,Lackham,tlackhamr2@imdb.com,69
976,Jelene,Langer,jlangerr3@newsvine.com,36
977,Ginger,Codlin,gcodlinr4@fema.gov,22
978,Darlene,Vigers,dvigersr5@mysql.com,47
979,Mariya,Normavell,mnormavellr6@biglobe.ne.jp,57
980,Zandra,Bonnin,zbonninr7@imdb.com,78
981,Andris,Latan,alatanr8@dmoz.org,77
982,Lilli,Leisk,lleiskr9@washingtonpost.com,32
983,Chas,Bourchier,cbourchierra@cocolog-nifty.com,75
984,Clair,Souness,csounessrb@ucoz.ru,60
985,Teresa,Basilio,tbasiliorc@purevolume.com,36
986,Marylinda,Nast,mnastrd@lulu.com,61
987,Bobbie,Lindenblatt,blindenblattre@tinypic.com,48
988,Dov,Hazelhurst,dhazelhurstrf@dion.ne.jp,29
989,Richmond,Bader,rbaderrg@reference.com,80
990,Eugenius,Perview,eperviewrh@histats.com,16
991,Ronny,Kiddle,rkiddleri@npr.org,41
992,Gwynne,Bollam,gbollamrj@sohu.com,69
993,Andrew,Cromack,acromackrk@xrea.com,55
994,Humbert,Zannotelli,hzannotellirl@so-net.ne.jp,52
995,Dionysus,Gillie,dgillierm@google.ru,43
996,Cornelius,Ben,cbenrn@abc.net.au,19
997,Niki,O'Henehan,nohenehanro@canalblog.com,14
998,Sela,Becken,sbeckenrp@shareasale.com,21
999,Fransisco,Ridett,fridettrq@about.com,14
1000,Agnella,Romi,aromirr@altervista.org,65
